sourcedId,givenName,familyName,middleName,email,phone,dateOfBirth,sex,grade,school,schoolCode,schoolName,Address,City,State,ZipCode,ParentName,ParentPhone,ParentEmail,CaseManager,ServiceMinutes,Goals,Notes,Plan,SpeechProvider,MHProvider,OTProvider,ReviewDate,ReevalDate,MeetingDate,MedicalNotes,Vision,Hearing,CAASPP,ELPAC,period1TeacherId,period1Subject,period1Room,period2TeacherId,period2Subject,period2Room,period3TeacherId,period3Subject,period3Room,period4TeacherId,period4Subject,period4Room,period5TeacherId,period5Subject,period5Room,period6TeacherId,period6Subject,period6Room,period7TeacherId,period7Subject,period7Room
123456790,First1,Last1,B,student1@school.edu,555-0101,2008-02-02,F,9,Central High School,CHS,Central High School,101 Main St,Anytown,CA,90210,Parent1,555-0201,parent1@email.com,CaseManager2,90,Goal for student 1,Notes for student 1,Plan 2,Speech2,MH2,OT2,2024-02-15,2024-08-15,2024-02-10,None,20/20,Normal,Proficient,Advanced,1TeacherId,1000345,1Subject,Health,1Room,108,2TeacherId,1000345,2Subject,Spanish,2Room,207,3TeacherId,1000322,3Subject,Calculus,3Room,307,4TeacherId,1000330,4Subject,Drama,4Room,106,5TeacherId,1000328,5Subject,Calculus,5Room,208,6TeacherId,1000345,6Subject,History,6Room,307,7TeacherId,100038,7Subject,Physical Education,7Room,101
123456791,First2,Last2,C,student2@school.edu,555-0102,2008-03-03,M,10,Central High School,CHS,Central High School,102 Main St,Anytown,CA,90210,Parent2,555-0202,parent2@email.com,CaseManager3,120,Goal for student 2,Notes for student 2,Plan 3,Speech3,MH1,OT1,2024-03-15,2024-09-15,2024-03-10,None,20/20,Normal,Proficient,Advanced,1TeacherId,1000340,1Subject,Photography,1Room,204,2TeacherId,100033,2Subject,Physical Education,2Room,303,3TeacherId,1000325,3Subject,Cooking,3Room,208,4TeacherId,1000338,4Subject,Geography,4Room,206,5TeacherId,1000331,5Subject,History,5Room,306,6TeacherId,1000342,6Subject,Art,6Room,308,7TeacherId,100035,7Subject,Algebra,7Room,204
123456792,First3,Last3,D,student3@school.edu,555-0103,2008-04-04,F,11,Central High School,CHS,Central High School,103 Main St,Anytown,CA,90210,Parent3,555-0203,parent3@email.com,CaseManager4,150,Goal for student 3,Notes for student 3,Plan 1,Speech1,MH2,OT2,2024-04-15,2024-10-15,2024-04-10,None,20/20,Normal,Proficient,Advanced,1TeacherId,100038,1Subject,German,1Room,201,2TeacherId,100032,2Subject,Health,2Room,210,3TeacherId,1000315,3Subject,Science,3Room,201,4TeacherId,1000321,4Subject,Psychology,4Room,301,5TeacherId,1000325,5Subject,Music,5Room,307,6TeacherId,1000320,6Subject,Literature,6Room,310,7TeacherId,1000340,7Subject,Algebra,7Room,106
123456793,First4,Last4,E,student4@school.edu,555-0104,2008-05-05,M,8,Central High School,CHS,Central High School,104 Main St,Anytown,CA,90210,Parent4,555-0204,parent4@email.com,CaseManager5,60,Goal for student 4,Notes for student 4,Plan 2,Speech2,MH1,OT1,2024-05-15,2024-11-15,2024-05-10,None,20/20,Normal,Proficient,Advanced,1TeacherId,1000316,1Subject,Algebra,1Room,310,2TeacherId,1000341,2Subject,Government,2Room,107,3TeacherId,1000316,3Subject,Literature,3Room,303,4TeacherId,1000326,4Subject,Photography,4Room,106,5TeacherId,1000321,5Subject,Cooking,5Room,109,6TeacherId,1000330,6Subject,Drama,6Room,204,7TeacherId,1000331,7Subject,Science,7Room,206
123456794,First5,Last5,F,student5@school.edu,555-0105,2008-06-06,F,9,Central High School,CHS,Central High School,105 Main St,Anytown,CA,90210,Parent5,555-0205,parent5@email.com,CaseManager1,90,Goal for student 5,Notes for student 5,Plan 3,Speech3,MH2,OT2,2024-06-15,2024-12-15,2024-06-10,None,20/20,Normal,Proficient,Advanced,1TeacherId,100037,1Subject,Biology,1Room,307,2TeacherId,1000310,2Subject,History,2Room,305,3TeacherId,100037,3Subject,Music,3Room,308,4TeacherId,1000334,4Subject,Math,4Room,104,5TeacherId,1000315,5Subject,Health,5Room,210,6TeacherId,100032,6Subject,Math,6Room,104,7TeacherId,1000311,7Subject,Government,7Room,109
123456795,First6,Last6,G,student6@school.edu,555-0106,2008-07-07,M,10,Central High School,CHS,Central High School,106 Main St,Anytown,CA,90210,Parent6,555-0206,parent6@email.com,CaseManager2,120,Goal for student 6,Notes for student 6,Plan 1,Speech1,MH1,OT1,2024-07-15,2024-13-15,2024-07-10,None,20/20,Normal,Proficient,Advanced,1TeacherId,1000314,1Subject,Music,1Room,309,2TeacherId,1000336,2Subject,Literature,2Room,207,3TeacherId,1000345,3Subject,Physical Education,3Room,201,4TeacherId,100032,4Subject,Computer Science,4Room,307,5TeacherId,1000335,5Subject,Psychology,5Room,309,6TeacherId,1000324,6Subject,Art,6Room,104,7TeacherId,1000316,7Subject,Calculus,7Room,209
123456796,First7,Last7,H,student7@school.edu,555-0107,2008-08-08,F,11,Central High School,CHS,Central High School,107 Main St,Anytown,CA,90210,Parent7,555-0207,parent7@email.com,CaseManager3,150,Goal for student 7,Notes for student 7,Plan 2,Speech2,MH2,OT2,2024-08-15,2024-14-15,2024-08-10,None,20/20,Normal,Proficient,Advanced,1TeacherId,1000310,1Subject,Geography,1Room,207,2TeacherId,1000336,2Subject,History,2Room,309,3TeacherId,1000341,3Subject,French,3Room,109,4TeacherId,1000345,4Subject,Computer Science,4Room,203,5TeacherId,100036,5Subject,Science,5Room,205,6TeacherId,1000337,6Subject,Physical Education,6Room,107,7TeacherId,100036,7Subject,Government,7Room,304
123456797,First8,Last8,I,student8@school.edu,555-0108,2008-09-09,M,8,Central High School,CHS,Central High School,108 Main St,Anytown,CA,90210,Parent8,555-0208,parent8@email.com,CaseManager4,60,Goal for student 8,Notes for student 8,Plan 3,Speech3,MH1,OT1,2024-09-15,2024-15-15,2024-09-10,None,20/20,Normal,Proficient,Advanced,1TeacherId,1000336,1Subject,Geography,1Room,309,2TeacherId,1000315,2Subject,Computer Science,2Room,108,3TeacherId,1000329,3Subject,Chemistry,3Room,202,4TeacherId,1000343,4Subject,History,4Room,104,5TeacherId,1000334,5Subject,French,5Room,110,6TeacherId,1000345,6Subject,Science,6Room,105,7TeacherId,1000319,7Subject,English,7Room,101
123456798,First9,Last9,J,student9@school.edu,555-0109,2008-10-10,F,9,Central High School,CHS,Central High School,109 Main St,Anytown,CA,90210,Parent9,555-0209,parent9@email.com,CaseManager5,90,Goal for student 9,Notes for student 9,Plan 1,Speech1,MH2,OT2,2024-10-15,2024-16-15,2024-10-10,None,20/20,Normal,Proficient,Advanced,1TeacherId,1000310,1Subject,Grammar,1Room,206,2TeacherId,1000319,2Subject,French,2Room,204,3TeacherId,1000333,3Subject,Drama,3Room,208,4TeacherId,1000316,4Subject,Geography,4Room,110,5TeacherId,100000,5Subject,Writing,5Room,305,6TeacherId,100035,6Subject,Photography,6Room,308,7TeacherId,1000343,7Subject,Psychology,7Room,101
123456799,First10,Last10,K,student10@school.edu,555-0110,2008-11-11,M,10,Central High School,CHS,Central High School,110 Main St,Anytown,CA,90210,Parent10,555-0210,parent10@email.com,CaseManager1,120,Goal for student 10,Notes for student 10,Plan 2,Speech2,MH1,OT1,2024-11-15,2024-17-15,2024-11-10,None,20/20,Normal,Proficient,Advanced,1TeacherId,100039,1Subject,English,1Room,210,2TeacherId,1000318,2Subject,German,2Room,307,3TeacherId,1000314,3Subject,Psychology,3Room,104,4TeacherId,100031,4Subject,History,4Room,210,5TeacherId,100032,5Subject,Science,5Room,303,6TeacherId,1000312,6Subject,Health,6Room,105,7TeacherId,1000339,7Subject,Drama,7Room,209
123456800,First11,Last11,L,student11@school.edu,555-0111,2008-12-12,F,11,Central High School,CHS,Central High School,111 Main St,Anytown,CA,90210,Parent11,555-0211,parent11@email.com,CaseManager2,150,Goal for student 11,Notes for student 11,Plan 3,Speech3,MH2,OT2,2024-12-15,2024-18-15,2024-12-10,None,20/20,Normal,Proficient,Advanced,1TeacherId,1000336,1Subject,Physics,1Room,203,2TeacherId,1000314,2Subject,Physical Education,2Room,207,3TeacherId,100038,3Subject,Literature,3Room,110,4TeacherId,100031,4Subject,Computer Science,4Room,205,5TeacherId,100039,5Subject,Geometry,5Room,309,6TeacherId,1000332,6Subject,Algebra,6Room,207,7TeacherId,1000338,7Subject,History,7Room,205
123456801,First12,Last12,M,student12@school.edu,555-0112,2008-01-13,M,8,Central High School,CHS,Central High School,112 Main St,Anytown,CA,90210,Parent12,555-0212,parent12@email.com,CaseManager3,60,Goal for student 12,Notes for student 12,Plan 1,Speech1,MH1,OT1,2024-01-15,2024-07-15,2024-01-10,None,20/20,Normal,Proficient,Advanced,1TeacherId,1000333,1Subject,Calculus,1Room,301,2TeacherId,1000314,2Subject,Spanish,2Room,305,3TeacherId,100035,3Subject,Government,3Room,303,4TeacherId,100035,4Subject,Physics,4Room,207,5TeacherId,1000315,5Subject,Cooking,5Room,108,6TeacherId,1000328,6Subject,Chemistry,6Room,307,7TeacherId,1000321,7Subject,German,7Room,305
123456802,First13,Last13,N,student13@school.edu,555-0113,2008-02-14,F,9,Central High School,CHS,Central High School,113 Main St,Anytown,CA,90210,Parent13,555-0213,parent13@email.com,CaseManager4,90,Goal for student 13,Notes for student 13,Plan 2,Speech2,MH2,OT2,2024-02-15,2024-08-15,2024-02-10,None,20/20,Normal,Proficient,Advanced,1TeacherId,1000339,1Subject,Photography,1Room,208,2TeacherId,1000319,2Subject,Science,2Room,208,3TeacherId,1000344,3Subject,Spanish,3Room,207,4TeacherId,100036,4Subject,Spanish,4Room,210,5TeacherId,1000320,5Subject,Spanish,5Room,206,6TeacherId,100036,6Subject,English,6Room,108,7TeacherId,1000339,7Subject,Psychology,7Room,207
123456803,First14,Last14,O,student14@school.edu,555-0114,2008-03-15,M,10,Central High School,CHS,Central High School,114 Main St,Anytown,CA,90210,Parent14,555-0214,parent14@email.com,CaseManager5,120,Goal for student 14,Notes for student 14,Plan 3,Speech3,MH1,OT1,2024-03-15,2024-09-15,2024-03-10,None,20/20,Normal,Proficient,Advanced,1TeacherId,100031,1Subject,Physical Education,1Room,203,2TeacherId,1000312,2Subject,Physics,2Room,205,3TeacherId,1000320,3Subject,Geometry,3Room,303,4TeacherId,1000313,4Subject,Drama,4Room,103,5TeacherId,100031,5Subject,Health,5Room,308,6TeacherId,1000331,6Subject,Geometry,6Room,104,7TeacherId,100035,7Subject,Biology,7Room,106
123456804,First15,Last15,P,student15@school.edu,555-0115,2008-04-16,F,11,Central High School,CHS,Central High School,115 Main St,Anytown,CA,90210,Parent15,555-0215,parent15@email.com,CaseManager1,150,Goal for student 15,Notes for student 15,Plan 1,Speech1,MH2,OT2,2024-04-15,2024-10-15,2024-04-10,None,20/20,Normal,Proficient,Advanced,1TeacherId,1000341,1Subject,French,1Room,108,2TeacherId,1000316,2Subject,Art,2Room,306,3TeacherId,100000,3Subject,Drama,3Room,105,4TeacherId,100033,4Subject,Psychology,4Room,109,5TeacherId,100033,5Subject,Literature,5Room,210,6TeacherId,1000338,6Subject,Drama,6Room,101,7TeacherId,1000329,7Subject,German,7Room,109
123456805,First16,Last16,Q,student16@school.edu,555-0116,2008-05-17,M,8,Central High School,CHS,Central High School,116 Main St,Anytown,CA,90210,Parent16,555-0216,parent16@email.com,CaseManager2,60,Goal for student 16,Notes for student 16,Plan 2,Speech2,MH1,OT1,2024-05-15,2024-11-15,2024-05-10,None,20/20,Normal,Proficient,Advanced,1TeacherId,100035,1Subject,Art,1Room,203,2TeacherId,100000,2Subject,Geometry,2Room,207,3TeacherId,1000317,3Subject,Sociology,3Room,104,4TeacherId,1000313,4Subject,Government,4Room,201,5TeacherId,1000335,5Subject,Geometry,5Room,209,6TeacherId,1000325,6Subject,Physical Education,6Room,209,7TeacherId,1000345,7Subject,Photography,7Room,201
123456806,First17,Last17,R,student17@school.edu,555-0117,2008-06-18,F,9,Central High School,CHS,Central High School,117 Main St,Anytown,CA,90210,Parent17,555-0217,parent17@email.com,CaseManager3,90,Goal for student 17,Notes for student 17,Plan 3,Speech3,MH2,OT2,2024-06-15,2024-12-15,2024-06-10,None,20/20,Normal,Proficient,Advanced,1TeacherId,1000314,1Subject,Photography,1Room,309,2TeacherId,1000315,2Subject,Geography,2Room,301,3TeacherId,1000327,3Subject,Writing,3Room,206,4TeacherId,1000311,4Subject,Art,4Room,302,5TeacherId,1000315,5Subject,Calculus,5Room,204,6TeacherId,1000323,6Subject,Biology,6Room,304,7TeacherId,1000338,7Subject,Art,7Room,205
123456807,First18,Last18,S,student18@school.edu,555-0118,2008-07-19,M,10,Central High School,CHS,Central High School,118 Main St,Anytown,CA,90210,Parent18,555-0218,parent18@email.com,CaseManager4,120,Goal for student 18,Notes for student 18,Plan 1,Speech1,MH1,OT1,2024-07-15,2024-13-15,2024-07-10,None,20/20,Normal,Proficient,Advanced,1TeacherId,1000318,1Subject,French,1Room,204,2TeacherId,1000318,2Subject,Geometry,2Room,203,3TeacherId,1000342,3Subject,French,3Room,107,4TeacherId,100038,4Subject,Economics,4Room,109,5TeacherId,100032,5Subject,Drama,5Room,301,6TeacherId,100039,6Subject,Geography,6Room,204,7TeacherId,1000317,7Subject,Algebra,7Room,108
123456808,First19,Last19,T,student19@school.edu,555-0119,2008-08-20,F,11,Central High School,CHS,Central High School,119 Main St,Anytown,CA,90210,Parent19,555-0219,parent19@email.com,CaseManager5,150,Goal for student 19,Notes for student 19,Plan 2,Speech2,MH2,OT2,2024-08-15,2024-14-15,2024-08-10,None,20/20,Normal,Proficient,Advanced,1TeacherId,1000343,1Subject,Psychology,1Room,309,2TeacherId,100032,2Subject,Geometry,2Room,201,3TeacherId,1000317,3Subject,Sociology,3Room,309,4TeacherId,100037,4Subject,Computer Science,4Room,202,5TeacherId,1000341,5Subject,Music,5Room,202,6TeacherId,1000332,6Subject,Photography,6Room,304,7TeacherId,100034,7Subject,English,7Room,105
123456809,First20,Last20,U,student20@school.edu,555-0120,2008-09-21,M,8,Central High School,CHS,Central High School,120 Main St,Anytown,CA,90210,Parent20,555-0220,parent20@email.com,CaseManager1,60,Goal for student 20,Notes for student 20,Plan 3,Speech3,MH1,OT1,2024-09-15,2024-15-15,2024-09-10,None,20/20,Normal,Proficient,Advanced,1TeacherId,1000328,1Subject,Art,1Room,106,2TeacherId,100034,2Subject,Science,2Room,108,3TeacherId,1000327,3Subject,Literature,3Room,303,4TeacherId,100036,4Subject,Economics,4Room,309,5TeacherId,100033,5Subject,Chemistry,5Room,309,6TeacherId,100038,6Subject,Geography,6Room,303,7TeacherId,1000342,7Subject,Geometry,7Room,306
123456810,First21,Last21,V,student21@school.edu,555-0121,2008-10-22,F,9,Central High School,CHS,Central High School,121 Main St,Anytown,CA,90210,Parent21,555-0221,parent21@email.com,CaseManager2,90,Goal for student 21,Notes for student 21,Plan 1,Speech1,MH2,OT2,2024-10-15,2024-16-15,2024-10-10,None,20/20,Normal,Proficient,Advanced,1TeacherId,1000328,1Subject,Government,1Room,102,2TeacherId,100032,2Subject,Health,2Room,310,3TeacherId,1000331,3Subject,Writing,3Room,309,4TeacherId,1000316,4Subject,Algebra,4Room,210,5TeacherId,1000323,5Subject,Economics,5Room,309,6TeacherId,1000328,6Subject,History,6Room,103,7TeacherId,1000345,7Subject,Computer Science,7Room,207
123456811,First22,Last22,W,student22@school.edu,555-0122,2008-11-23,M,10,Central High School,CHS,Central High School,122 Main St,Anytown,CA,90210,Parent22,555-0222,parent22@email.com,CaseManager3,120,Goal for student 22,Notes for student 22,Plan 2,Speech2,MH1,OT1,2024-11-15,2024-17-15,2024-11-10,None,20/20,Normal,Proficient,Advanced,1TeacherId,1000327,1Subject,French,1Room,204,2TeacherId,100035,2Subject,Government,2Room,110,3TeacherId,1000326,3Subject,Geography,3Room,302,4TeacherId,1000330,4Subject,Math,4Room,203,5TeacherId,1000328,5Subject,Geometry,5Room,304,6TeacherId,1000323,6Subject,Science,6Room,303,7TeacherId,1000345,7Subject,Grammar,7Room,207
123456812,First23,Last23,X,student23@school.edu,555-0123,2008-12-24,F,11,Central High School,CHS,Central High School,123 Main St,Anytown,CA,90210,Parent23,555-0223,parent23@email.com,CaseManager4,150,Goal for student 23,Notes for student 23,Plan 3,Speech3,MH2,OT2,2024-12-15,2024-18-15,2024-12-10,None,20/20,Normal,Proficient,Advanced,1TeacherId,1000324,1Subject,Science,1Room,304,2TeacherId,100036,2Subject,Grammar,2Room,201,3TeacherId,1000320,3Subject,Art,3Room,110,4TeacherId,1000334,4Subject,Spanish,4Room,202,5TeacherId,1000327,5Subject,Physics,5Room,205,6TeacherId,1000343,6Subject,German,6Room,204,7TeacherId,1000342,7Subject,French,7Room,309
123456813,First24,Last24,Y,student24@school.edu,555-0124,2008-01-25,M,8,Central High School,CHS,Central High School,124 Main St,Anytown,CA,90210,Parent24,555-0224,parent24@email.com,CaseManager5,60,Goal for student 24,Notes for student 24,Plan 1,Speech1,MH1,OT1,2024-01-15,2024-07-15,2024-01-10,None,20/20,Normal,Proficient,Advanced,1TeacherId,1000313,1Subject,French,1Room,303,2TeacherId,100037,2Subject,Geography,2Room,307,3TeacherId,1000321,3Subject,Science,3Room,205,4TeacherId,1000319,4Subject,Writing,4Room,102,5TeacherId,1000333,5Subject,Grammar,5Room,307,6TeacherId,1000330,6Subject,Grammar,6Room,206,7TeacherId,1000335,7Subject,Geography,7Room,210
123456814,First25,Last25,Z,student25@school.edu,555-0125,2008-02-26,F,9,Central High School,CHS,Central High School,125 Main St,Anytown,CA,90210,Parent25,555-0225,parent25@email.com,CaseManager1,90,Goal for student 25,Notes for student 25,Plan 2,Speech2,MH2,OT2,2024-02-15,2024-08-15,2024-02-10,None,20/20,Normal,Proficient,Advanced,1TeacherId,1000345,1Subject,Science,1Room,102,2TeacherId,1000316,2Subject,Spanish,2Room,303,3TeacherId,1000329,3Subject,Physical Education,3Room,104,4TeacherId,1000311,4Subject,Biology,4Room,207,5TeacherId,1000327,5Subject,Geography,5Room,209,6TeacherId,1000335,6Subject,Writing,6Room,207,7TeacherId,1000345,7Subject,Chemistry,7Room,210
123456815,First26,Last26,A,student26@school.edu,555-0126,2008-03-27,M,10,Central High School,CHS,Central High School,126 Main St,Anytown,CA,90210,Parent26,555-0226,parent26@email.com,CaseManager2,120,Goal for student 26,Notes for student 26,Plan 3,Speech3,MH1,OT1,2024-03-15,2024-09-15,2024-03-10,None,20/20,Normal,Proficient,Advanced,1TeacherId,1000316,1Subject,Economics,1Room,208,2TeacherId,1000342,2Subject,Biology,2Room,201,3TeacherId,1000312,3Subject,Writing,3Room,310,4TeacherId,1000337,4Subject,Cooking,4Room,302,5TeacherId,1000334,5Subject,Chemistry,5Room,310,6TeacherId,1000336,6Subject,Computer Science,6Room,106,7TeacherId,1000343,7Subject,Photography,7Room,206
123456816,First27,Last27,B,student27@school.edu,555-0127,2008-04-28,F,11,Central High School,CHS,Central High School,127 Main St,Anytown,CA,90210,Parent27,555-0227,parent27@email.com,CaseManager3,150,Goal for student 27,Notes for student 27,Plan 1,Speech1,MH2,OT2,2024-04-15,2024-10-15,2024-04-10,None,20/20,Normal,Proficient,Advanced,1TeacherId,1000327,1Subject,Cooking,1Room,108,2TeacherId,1000334,2Subject,Science,2Room,208,3TeacherId,100035,3Subject,Cooking,3Room,108,4TeacherId,1000311,4Subject,Writing,4Room,310,5TeacherId,1000327,5Subject,Music,5Room,303,6TeacherId,1000326,6Subject,Literature,6Room,206,7TeacherId,1000331,7Subject,Math,7Room,301
123456817,First28,Last28,C,student28@school.edu,555-0128,2008-05-01,M,8,Central High School,CHS,Central High School,128 Main St,Anytown,CA,90210,Parent28,555-0228,parent28@email.com,CaseManager4,60,Goal for student 28,Notes for student 28,Plan 2,Speech2,MH1,OT1,2024-05-15,2024-11-15,2024-05-10,None,20/20,Normal,Proficient,Advanced,1TeacherId,1000315,1Subject,Drama,1Room,103,2TeacherId,1000323,2Subject,Calculus,2Room,309,3TeacherId,100031,3Subject,Writing,3Room,206,4TeacherId,1000310,4Subject,Math,4Room,302,5TeacherId,1000312,5Subject,Computer Science,5Room,310,6TeacherId,1000331,6Subject,Government,6Room,106,7TeacherId,1000334,7Subject,Algebra,7Room,208
123456818,First29,Last29,D,student29@school.edu,555-0129,2008-06-02,F,9,Central High School,CHS,Central High School,129 Main St,Anytown,CA,90210,Parent29,555-0229,parent29@email.com,CaseManager5,90,Goal for student 29,Notes for student 29,Plan 3,Speech3,MH2,OT2,2024-06-15,2024-12-15,2024-06-10,None,20/20,Normal,Proficient,Advanced,1TeacherId,1000335,1Subject,Geography,1Room,202,2TeacherId,1000317,2Subject,Grammar,2Room,206,3TeacherId,1000325,3Subject,Art,3Room,310,4TeacherId,1000330,4Subject,Literature,4Room,210,5TeacherId,1000341,5Subject,Computer Science,5Room,308,6TeacherId,1000340,6Subject,Sociology,6Room,304,7TeacherId,100033,7Subject,Geography,7Room,310
123456819,First30,Last30,E,student30@school.edu,555-0130,2008-07-03,M,10,Central High School,CHS,Central High School,130 Main St,Anytown,CA,90210,Parent30,555-0230,parent30@email.com,CaseManager1,120,Goal for student 30,Notes for student 30,Plan 1,Speech1,MH1,OT1,2024-07-15,2024-13-15,2024-07-10,None,20/20,Normal,Proficient,Advanced,1TeacherId,1000328,1Subject,Grammar,1Room,305,2TeacherId,1000312,2Subject,Health,2Room,208,3TeacherId,1000314,3Subject,Health,3Room,109,4TeacherId,100037,4Subject,Cooking,4Room,210,5TeacherId,1000325,5Subject,Chemistry,5Room,106,6TeacherId,100038,6Subject,Math,6Room,305,7TeacherId,100035,7Subject,Physics,7Room,207
123456820,First31,Last31,F,student31@school.edu,555-0131,2008-08-04,F,11,Central High School,CHS,Central High School,131 Main St,Anytown,CA,90210,Parent31,555-0231,parent31@email.com,CaseManager2,150,Goal for student 31,Notes for student 31,Plan 2,Speech2,MH2,OT2,2024-08-15,2024-14-15,2024-08-10,None,20/20,Normal,Proficient,Advanced,1TeacherId,1000322,1Subject,English,1Room,305,2TeacherId,1000327,2Subject,German,2Room,203,3TeacherId,1000326,3Subject,Music,3Room,102,4TeacherId,1000329,4Subject,Health,4Room,106,5TeacherId,1000341,5Subject,Grammar,5Room,306,6TeacherId,100037,6Subject,Chemistry,6Room,106,7TeacherId,100031,7Subject,Chemistry,7Room,108
123456821,First32,Last32,G,student32@school.edu,555-0132,2008-09-05,M,8,Central High School,CHS,Central High School,132 Main St,Anytown,CA,90210,Parent32,555-0232,parent32@email.com,CaseManager3,60,Goal for student 32,Notes for student 32,Plan 3,Speech3,MH1,OT1,2024-09-15,2024-15-15,2024-09-10,None,20/20,Normal,Proficient,Advanced,1TeacherId,1000314,1Subject,Music,1Room,104,2TeacherId,1000323,2Subject,Sociology,2Room,308,3TeacherId,1000342,3Subject,Math,3Room,204,4TeacherId,1000332,4Subject,Psychology,4Room,301,5TeacherId,1000345,5Subject,Biology,5Room,102,6TeacherId,1000334,6Subject,Sociology,6Room,108,7TeacherId,1000318,7Subject,Computer Science,7Room,202
123456822,First33,Last33,H,student33@school.edu,555-0133,2008-10-06,F,9,Central High School,CHS,Central High School,133 Main St,Anytown,CA,90210,Parent33,555-0233,parent33@email.com,CaseManager4,90,Goal for student 33,Notes for student 33,Plan 1,Speech1,MH2,OT2,2024-10-15,2024-16-15,2024-10-10,None,20/20,Normal,Proficient,Advanced,1TeacherId,100034,1Subject,German,1Room,101,2TeacherId,1000321,2Subject,Art,2Room,207,3TeacherId,1000315,3Subject,Grammar,3Room,103,4TeacherId,1000323,4Subject,Government,4Room,307,5TeacherId,1000334,5Subject,Literature,5Room,209,6TeacherId,1000335,6Subject,English,6Room,204,7TeacherId,1000319,7Subject,Music,7Room,304
123456823,First34,Last34,I,student34@school.edu,555-0134,2008-11-07,M,10,Central High School,CHS,Central High School,134 Main St,Anytown,CA,90210,Parent34,555-0234,parent34@email.com,CaseManager5,120,Goal for student 34,Notes for student 34,Plan 2,Speech2,MH1,OT1,2024-11-15,2024-17-15,2024-11-10,None,20/20,Normal,Proficient,Advanced,1TeacherId,1000328,1Subject,Drama,1Room,302,2TeacherId,1000342,2Subject,French,2Room,108,3TeacherId,1000338,3Subject,French,3Room,310,4TeacherId,1000330,4Subject,Government,4Room,210,5TeacherId,1000328,5Subject,Literature,5Room,305,6TeacherId,1000340,6Subject,Calculus,6Room,201,7TeacherId,100039,7Subject,Physics,7Room,206
123456824,First35,Last35,J,student35@school.edu,555-0135,2008-12-08,F,11,Central High School,CHS,Central High School,135 Main St,Anytown,CA,90210,Parent35,555-0235,parent35@email.com,CaseManager1,150,Goal for student 35,Notes for student 35,Plan 3,Speech3,MH2,OT2,2024-12-15,2024-18-15,2024-12-10,None,20/20,Normal,Proficient,Advanced,1TeacherId,100038,1Subject,Health,1Room,109,2TeacherId,1000325,2Subject,Photography,2Room,201,3TeacherId,1000319,3Subject,Spanish,3Room,205,4TeacherId,100000,4Subject,Biology,4Room,307,5TeacherId,100038,5Subject,Cooking,5Room,204,6TeacherId,1000330,6Subject,English,6Room,310,7TeacherId,1000330,7Subject,Computer Science,7Room,201
123456825,First36,Last36,K,student36@school.edu,555-0136,2008-01-09,M,8,Central High School,CHS,Central High School,136 Main St,Anytown,CA,90210,Parent36,555-0236,parent36@email.com,CaseManager2,60,Goal for student 36,Notes for student 36,Plan 1,Speech1,MH1,OT1,2024-01-15,2024-07-15,2024-01-10,None,20/20,Normal,Proficient,Advanced,1TeacherId,1000345,1Subject,Calculus,1Room,209,2TeacherId,100000,2Subject,Physical Education,2Room,302,3TeacherId,1000316,3Subject,Art,3Room,106,4TeacherId,1000334,4Subject,Calculus,4Room,209,5TeacherId,1000314,5Subject,Cooking,5Room,208,6TeacherId,1000317,6Subject,Physical Education,6Room,310,7TeacherId,100038,7Subject,French,7Room,103
123456826,First37,Last37,L,student37@school.edu,555-0137,2008-02-10,F,9,Central High School,CHS,Central High School,137 Main St,Anytown,CA,90210,Parent37,555-0237,parent37@email.com,CaseManager3,90,Goal for student 37,Notes for student 37,Plan 2,Speech2,MH2,OT2,2024-02-15,2024-08-15,2024-02-10,None,20/20,Normal,Proficient,Advanced,1TeacherId,1000320,1Subject,Psychology,1Room,105,2TeacherId,100000,2Subject,Government,2Room,105,3TeacherId,1000331,3Subject,Computer Science,3Room,204,4TeacherId,100000,4Subject,Math,4Room,107,5TeacherId,100035,5Subject,Spanish,5Room,102,6TeacherId,100039,6Subject,Spanish,6Room,208,7TeacherId,100033,7Subject,Sociology,7Room,303
123456827,First38,Last38,M,student38@school.edu,555-0138,2008-03-11,M,10,Central High School,CHS,Central High School,138 Main St,Anytown,CA,90210,Parent38,555-0238,parent38@email.com,CaseManager4,120,Goal for student 38,Notes for student 38,Plan 3,Speech3,MH1,OT1,2024-03-15,2024-09-15,2024-03-10,None,20/20,Normal,Proficient,Advanced,1TeacherId,1000335,1Subject,Math,1Room,310,2TeacherId,1000319,2Subject,Writing,2Room,302,3TeacherId,1000344,3Subject,Art,3Room,304,4TeacherId,1000323,4Subject,Calculus,4Room,305,5TeacherId,1000315,5Subject,Geography,5Room,102,6TeacherId,100034,6Subject,Calculus,6Room,104,7TeacherId,1000323,7Subject,Spanish,7Room,210
123456828,First39,Last39,N,student39@school.edu,555-0139,2008-04-12,F,11,Central High School,CHS,Central High School,139 Main St,Anytown,CA,90210,Parent39,555-0239,parent39@email.com,CaseManager5,150,Goal for student 39,Notes for student 39,Plan 1,Speech1,MH2,OT2,2024-04-15,2024-10-15,2024-04-10,None,20/20,Normal,Proficient,Advanced,1TeacherId,100031,1Subject,History,1Room,302,2TeacherId,1000344,2Subject,Computer Science,2Room,308,3TeacherId,100032,3Subject,History,3Room,104,4TeacherId,1000316,4Subject,Chemistry,4Room,204,5TeacherId,1000323,5Subject,Science,5Room,107,6TeacherId,100039,6Subject,Literature,6Room,108,7TeacherId,1000312,7Subject,Writing,7Room,301
123456829,First40,Last40,O,student40@school.edu,555-0140,2008-05-13,M,8,Central High School,CHS,Central High School,140 Main St,Anytown,CA,90210,Parent40,555-0240,parent40@email.com,CaseManager1,60,Goal for student 40,Notes for student 40,Plan 2,Speech2,MH1,OT1,2024-05-15,2024-11-15,2024-05-10,None,20/20,Normal,Proficient,Advanced,1TeacherId,1000323,1Subject,Psychology,1Room,202,2TeacherId,1000324,2Subject,German,2Room,308,3TeacherId,100033,3Subject,Art,3Room,309,4TeacherId,100036,4Subject,Grammar,4Room,310,5TeacherId,1000323,5Subject,Health,5Room,302,6TeacherId,1000317,6Subject,Spanish,6Room,309,7TeacherId,1000319,7Subject,Spanish,7Room,105
123456830,First41,Last41,P,student41@school.edu,555-0141,2008-06-14,F,9,Central High School,CHS,Central High School,141 Main St,Anytown,CA,90210,Parent41,555-0241,parent41@email.com,CaseManager2,90,Goal for student 41,Notes for student 41,Plan 3,Speech3,MH2,OT2,2024-06-15,2024-12-15,2024-06-10,None,20/20,Normal,Proficient,Advanced,1TeacherId,1000334,1Subject,Art,1Room,304,2TeacherId,1000320,2Subject,Drama,2Room,301,3TeacherId,1000332,3Subject,French,3Room,306,4TeacherId,1000333,4Subject,Biology,4Room,106,5TeacherId,1000329,5Subject,Music,5Room,109,6TeacherId,1000345,6Subject,Spanish,6Room,309,7TeacherId,100034,7Subject,Spanish,7Room,104
123456831,First42,Last42,Q,student42@school.edu,555-0142,2008-07-15,M,10,Central High School,CHS,Central High School,142 Main St,Anytown,CA,90210,Parent42,555-0242,parent42@email.com,CaseManager3,120,Goal for student 42,Notes for student 42,Plan 1,Speech1,MH1,OT1,2024-07-15,2024-13-15,2024-07-10,None,20/20,Normal,Proficient,Advanced,1TeacherId,1000318,1Subject,Writing,1Room,110,2TeacherId,1000323,2Subject,Sociology,2Room,108,3TeacherId,100034,3Subject,Math,3Room,201,4TeacherId,1000314,4Subject,German,4Room,109,5TeacherId,1000342,5Subject,Grammar,5Room,106,6TeacherId,1000333,6Subject,Science,6Room,310,7TeacherId,1000340,7Subject,English,7Room,109
123456832,First43,Last43,R,student43@school.edu,555-0143,2008-08-16,F,11,Central High School,CHS,Central High School,143 Main St,Anytown,CA,90210,Parent43,555-0243,parent43@email.com,CaseManager4,150,Goal for student 43,Notes for student 43,Plan 2,Speech2,MH2,OT2,2024-08-15,2024-14-15,2024-08-10,None,20/20,Normal,Proficient,Advanced,1TeacherId,1000330,1Subject,Calculus,1Room,102,2TeacherId,1000344,2Subject,Algebra,2Room,105,3TeacherId,1000336,3Subject,Geography,3Room,306,4TeacherId,1000322,4Subject,English,4Room,108,5TeacherId,1000318,5Subject,Physical Education,5Room,305,6TeacherId,1000344,6Subject,Algebra,6Room,207,7TeacherId,1000316,7Subject,Biology,7Room,309
123456833,First44,Last44,S,student44@school.edu,555-0144,2008-09-17,M,8,Central High School,CHS,Central High School,144 Main St,Anytown,CA,90210,Parent44,555-0244,parent44@email.com,CaseManager5,60,Goal for student 44,Notes for student 44,Plan 3,Speech3,MH1,OT1,2024-09-15,2024-15-15,2024-09-10,None,20/20,Normal,Proficient,Advanced,1TeacherId,1000340,1Subject,Physical Education,1Room,101,2TeacherId,1000333,2Subject,Calculus,2Room,210,3TeacherId,1000342,3Subject,Geography,3Room,307,4TeacherId,1000328,4Subject,French,4Room,304,5TeacherId,1000321,5Subject,Chemistry,5Room,104,6TeacherId,100036,6Subject,Economics,6Room,103,7TeacherId,1000343,7Subject,Physical Education,7Room,307
123456834,First45,Last45,T,student45@school.edu,555-0145,2008-10-18,F,9,Central High School,CHS,Central High School,145 Main St,Anytown,CA,90210,Parent45,555-0245,parent45@email.com,CaseManager1,90,Goal for student 45,Notes for student 45,Plan 1,Speech1,MH2,OT2,2024-10-15,2024-16-15,2024-10-10,None,20/20,Normal,Proficient,Advanced,1TeacherId,1000315,1Subject,French,1Room,205,2TeacherId,1000339,2Subject,Math,2Room,204,3TeacherId,100039,3Subject,Algebra,3Room,304,4TeacherId,1000343,4Subject,German,4Room,105,5TeacherId,1000330,5Subject,Art,5Room,209,6TeacherId,1000339,6Subject,Music,6Room,209,7TeacherId,100038,7Subject,Drama,7Room,105
123456835,First46,Last46,U,student46@school.edu,555-0146,2008-11-19,M,10,Central High School,CHS,Central High School,146 Main St,Anytown,CA,90210,Parent46,555-0246,parent46@email.com,CaseManager2,120,Goal for student 46,Notes for student 46,Plan 2,Speech2,MH1,OT1,2024-11-15,2024-17-15,2024-11-10,None,20/20,Normal,Proficient,Advanced,1TeacherId,1000329,1Subject,Physics,1Room,309,2TeacherId,1000341,2Subject,German,2Room,307,3TeacherId,1000343,3Subject,Art,3Room,310,4TeacherId,1000326,4Subject,Physical Education,4Room,109,5TeacherId,100000,5Subject,Government,5Room,103,6TeacherId,1000332,6Subject,Physical Education,6Room,307,7TeacherId,1000335,7Subject,Psychology,7Room,107
123456836,First47,Last47,V,student47@school.edu,555-0147,2008-12-20,F,11,Central High School,CHS,Central High School,147 Main St,Anytown,CA,90210,Parent47,555-0247,parent47@email.com,CaseManager3,150,Goal for student 47,Notes for student 47,Plan 3,Speech3,MH2,OT2,2024-12-15,2024-18-15,2024-12-10,None,20/20,Normal,Proficient,Advanced,1TeacherId,1000339,1Subject,Computer Science,1Room,205,2TeacherId,1000315,2Subject,Geography,2Room,304,3TeacherId,1000319,3Subject,Literature,3Room,305,4TeacherId,1000338,4Subject,Geography,4Room,109,5TeacherId,1000331,5Subject,Math,5Room,310,6TeacherId,1000327,6Subject,French,6Room,104,7TeacherId,1000316,7Subject,Government,7Room,302
123456837,First48,Last48,W,student48@school.edu,555-0148,2008-01-21,M,8,Central High School,CHS,Central High School,148 Main St,Anytown,CA,90210,Parent48,555-0248,parent48@email.com,CaseManager4,60,Goal for student 48,Notes for student 48,Plan 1,Speech1,MH1,OT1,2024-01-15,2024-07-15,2024-01-10,None,20/20,Normal,Proficient,Advanced,1TeacherId,1000314,1Subject,Health,1Room,303,2TeacherId,1000316,2Subject,Grammar,2Room,110,3TeacherId,100034,3Subject,Calculus,3Room,105,4TeacherId,1000344,4Subject,History,4Room,307,5TeacherId,1000311,5Subject,Calculus,5Room,305,6TeacherId,1000319,6Subject,Government,6Room,109,7TeacherId,1000337,7Subject,Sociology,7Room,105
123456838,First49,Last49,X,student49@school.edu,555-0149,2008-02-22,F,9,Central High School,CHS,Central High School,149 Main St,Anytown,CA,90210,Parent49,555-0249,parent49@email.com,CaseManager5,90,Goal for student 49,Notes for student 49,Plan 2,Speech2,MH2,OT2,2024-02-15,2024-08-15,2024-02-10,None,20/20,Normal,Proficient,Advanced,1TeacherId,1000344,1Subject,Photography,1Room,207,2TeacherId,100036,2Subject,Geometry,2Room,101,3TeacherId,1000320,3Subject,Geometry,3Room,202,4TeacherId,1000337,4Subject,Chemistry,4Room,104,5TeacherId,1000341,5Subject,French,5Room,306,6TeacherId,100037,6Subject,Biology,6Room,102,7TeacherId,1000329,7Subject,Psychology,7Room,309
123456839,First50,Last50,Y,student50@school.edu,555-0150,2008-03-23,M,10,Central High School,CHS,Central High School,150 Main St,Anytown,CA,90210,Parent50,555-0250,parent50@email.com,CaseManager1,120,Goal for student 50,Notes for student 50,Plan 3,Speech3,MH1,OT1,2024-03-15,2024-09-15,2024-03-10,None,20/20,Normal,Proficient,Advanced,1TeacherId,1000328,1Subject,Health,1Room,203,2TeacherId,1000327,2Subject,Photography,2Room,204,3TeacherId,100039,3Subject,Physical Education,3Room,305,4TeacherId,1000316,4Subject,History,4Room,210,5TeacherId,100037,5Subject,Art,5Room,102,6TeacherId,1000313,6Subject,English,6Room,201,7TeacherId,100037,7Subject,German,7Room,204
123456840,First51,Last51,Z,student51@school.edu,555-0151,2008-04-24,F,11,Central High School,CHS,Central High School,151 Main St,Anytown,CA,90210,Parent51,555-0251,parent51@email.com,CaseManager2,150,Goal for student 51,Notes for student 51,Plan 1,Speech1,MH2,OT2,2024-04-15,2024-10-15,2024-04-10,None,20/20,Normal,Proficient,Advanced,1TeacherId,100039,1Subject,Computer Science,1Room,202,2TeacherId,1000338,2Subject,German,2Room,110,3TeacherId,1000345,3Subject,Writing,3Room,310,4TeacherId,1000320,4Subject,Chemistry,4Room,206,5TeacherId,1000316,5Subject,Geography,5Room,106,6TeacherId,100036,6Subject,Geography,6Room,201,7TeacherId,1000317,7Subject,Spanish,7Room,101
123456841,First52,Last52,A,student52@school.edu,555-0152,2008-05-25,M,8,Central High School,CHS,Central High School,152 Main St,Anytown,CA,90210,Parent52,555-0252,parent52@email.com,CaseManager3,60,Goal for student 52,Notes for student 52,Plan 2,Speech2,MH1,OT1,2024-05-15,2024-11-15,2024-05-10,None,20/20,Normal,Proficient,Advanced,1TeacherId,100036,1Subject,Algebra,1Room,303,2TeacherId,100031,2Subject,English,2Room,209,3TeacherId,1000319,3Subject,Literature,3Room,304,4TeacherId,1000323,4Subject,Algebra,4Room,202,5TeacherId,1000320,5Subject,Geometry,5Room,307,6TeacherId,1000345,6Subject,Cooking,6Room,102,7TeacherId,1000324,7Subject,Chemistry,7Room,209
123456842,First53,Last53,B,student53@school.edu,555-0153,2008-06-26,F,9,Central High School,CHS,Central High School,153 Main St,Anytown,CA,90210,Parent53,555-0253,parent53@email.com,CaseManager4,90,Goal for student 53,Notes for student 53,Plan 3,Speech3,MH2,OT2,2024-06-15,2024-12-15,2024-06-10,None,20/20,Normal,Proficient,Advanced,1TeacherId,100038,1Subject,Writing,1Room,201,2TeacherId,1000312,2Subject,History,2Room,301,3TeacherId,100034,3Subject,English,3Room,310,4TeacherId,1000336,4Subject,Geometry,4Room,305,5TeacherId,1000344,5Subject,Literature,5Room,110,6TeacherId,1000337,6Subject,Health,6Room,210,7TeacherId,100034,7Subject,Health,7Room,210
123456843,First54,Last54,C,student54@school.edu,555-0154,2008-07-27,M,10,Central High School,CHS,Central High School,154 Main St,Anytown,CA,90210,Parent54,555-0254,parent54@email.com,CaseManager5,120,Goal for student 54,Notes for student 54,Plan 1,Speech1,MH1,OT1,2024-07-15,2024-13-15,2024-07-10,None,20/20,Normal,Proficient,Advanced,1TeacherId,1000313,1Subject,Grammar,1Room,107,2TeacherId,1000312,2Subject,Calculus,2Room,106,3TeacherId,1000322,3Subject,History,3Room,109,4TeacherId,1000324,4Subject,Writing,4Room,104,5TeacherId,1000314,5Subject,French,5Room,309,6TeacherId,1000339,6Subject,Chemistry,6Room,208,7TeacherId,1000314,7Subject,Calculus,7Room,304
123456844,First55,Last55,D,student55@school.edu,555-0155,2008-08-28,F,11,Central High School,CHS,Central High School,155 Main St,Anytown,CA,90210,Parent55,555-0255,parent55@email.com,CaseManager1,150,Goal for student 55,Notes for student 55,Plan 2,Speech2,MH2,OT2,2024-08-15,2024-14-15,2024-08-10,None,20/20,Normal,Proficient,Advanced,1TeacherId,1000327,1Subject,Science,1Room,102,2TeacherId,1000323,2Subject,Grammar,2Room,104,3TeacherId,1000341,3Subject,French,3Room,306,4TeacherId,1000333,4Subject,History,4Room,307,5TeacherId,1000335,5Subject,Algebra,5Room,103,6TeacherId,100032,6Subject,Spanish,6Room,307,7TeacherId,1000327,7Subject,History,7Room,207
123456845,First56,Last56,E,student56@school.edu,555-0156,2008-09-01,M,8,Central High School,CHS,Central High School,156 Main St,Anytown,CA,90210,Parent56,555-0256,parent56@email.com,CaseManager2,60,Goal for student 56,Notes for student 56,Plan 3,Speech3,MH1,OT1,2024-09-15,2024-15-15,2024-09-10,None,20/20,Normal,Proficient,Advanced,1TeacherId,100037,1Subject,Computer Science,1Room,301,2TeacherId,1000338,2Subject,Photography,2Room,307,3TeacherId,100000,3Subject,Government,3Room,202,4TeacherId,1000328,4Subject,Geometry,4Room,204,5TeacherId,100031,5Subject,Computer Science,5Room,204,6TeacherId,100035,6Subject,French,6Room,307,7TeacherId,100034,7Subject,Calculus,7Room,110
123456846,First57,Last57,F,student57@school.edu,555-0157,2008-10-02,F,9,Central High School,CHS,Central High School,157 Main St,Anytown,CA,90210,Parent57,555-0257,parent57@email.com,CaseManager3,90,Goal for student 57,Notes for student 57,Plan 1,Speech1,MH2,OT2,2024-10-15,2024-16-15,2024-10-10,None,20/20,Normal,Proficient,Advanced,1TeacherId,100031,1Subject,Chemistry,1Room,108,2TeacherId,1000332,2Subject,Sociology,2Room,302,3TeacherId,1000331,3Subject,Cooking,3Room,309,4TeacherId,1000341,4Subject,Art,4Room,109,5TeacherId,1000338,5Subject,French,5Room,307,6TeacherId,1000336,6Subject,English,6Room,105,7TeacherId,1000336,7Subject,Biology,7Room,210
123456847,First58,Last58,G,student58@school.edu,555-0158,2008-11-03,M,10,Central High School,CHS,Central High School,158 Main St,Anytown,CA,90210,Parent58,555-0258,parent58@email.com,CaseManager4,120,Goal for student 58,Notes for student 58,Plan 2,Speech2,MH1,OT1,2024-11-15,2024-17-15,2024-11-10,None,20/20,Normal,Proficient,Advanced,1TeacherId,1000336,1Subject,Calculus,1Room,204,2TeacherId,1000333,2Subject,Algebra,2Room,105,3TeacherId,100031,3Subject,Grammar,3Room,209,4TeacherId,1000321,4Subject,Geometry,4Room,206,5TeacherId,1000335,5Subject,Physics,5Room,206,6TeacherId,1000339,6Subject,Calculus,6Room,310,7TeacherId,1000344,7Subject,Spanish,7Room,307
123456848,First59,Last59,H,student59@school.edu,555-0159,2008-12-04,F,11,Central High School,CHS,Central High School,159 Main St,Anytown,CA,90210,Parent59,555-0259,parent59@email.com,CaseManager5,150,Goal for student 59,Notes for student 59,Plan 3,Speech3,MH2,OT2,2024-12-15,2024-18-15,2024-12-10,None,20/20,Normal,Proficient,Advanced,1TeacherId,1000320,1Subject,Math,1Room,103,2TeacherId,1000333,2Subject,Chemistry,2Room,303,3TeacherId,100000,3Subject,Photography,3Room,306,4TeacherId,100033,4Subject,Spanish,4Room,303,5TeacherId,1000315,5Subject,Algebra,5Room,102,6TeacherId,1000323,6Subject,Math,6Room,105,7TeacherId,1000320,7Subject,Computer Science,7Room,110
123456849,First60,Last60,I,student60@school.edu,555-0160,2008-01-05,M,8,Central High School,CHS,Central High School,160 Main St,Anytown,CA,90210,Parent60,555-0260,parent60@email.com,CaseManager1,60,Goal for student 60,Notes for student 60,Plan 1,Speech1,MH1,OT1,2024-01-15,2024-07-15,2024-01-10,None,20/20,Normal,Proficient,Advanced,1TeacherId,1000312,1Subject,Music,1Room,210,2TeacherId,1000312,2Subject,French,2Room,309,3TeacherId,1000312,3Subject,Science,3Room,108,4TeacherId,1000344,4Subject,Art,4Room,101,5TeacherId,100038,5Subject,Art,5Room,210,6TeacherId,1000330,6Subject,Physical Education,6Room,307,7TeacherId,1000316,7Subject,Physics,7Room,207
123456850,First61,Last61,J,student61@school.edu,555-0161,2008-02-06,F,9,Central High School,CHS,Central High School,161 Main St,Anytown,CA,90210,Parent61,555-0261,parent61@email.com,CaseManager2,90,Goal for student 61,Notes for student 61,Plan 2,Speech2,MH2,OT2,2024-02-15,2024-08-15,2024-02-10,None,20/20,Normal,Proficient,Advanced,1TeacherId,1000322,1Subject,Grammar,1Room,203,2TeacherId,1000327,2Subject,English,2Room,310,3TeacherId,1000317,3Subject,Grammar,3Room,208,4TeacherId,1000329,4Subject,Drama,4Room,308,5TeacherId,1000326,5Subject,Math,5Room,305,6TeacherId,1000334,6Subject,Cooking,6Room,306,7TeacherId,1000312,7Subject,Computer Science,7Room,306
123456851,First62,Last62,K,student62@school.edu,555-0162,2008-03-07,M,10,Central High School,CHS,Central High School,162 Main St,Anytown,CA,90210,Parent62,555-0262,parent62@email.com,CaseManager3,120,Goal for student 62,Notes for student 62,Plan 3,Speech3,MH1,OT1,2024-03-15,2024-09-15,2024-03-10,None,20/20,Normal,Proficient,Advanced,1TeacherId,1000337,1Subject,Music,1Room,206,2TeacherId,100039,2Subject,Government,2Room,307,3TeacherId,1000332,3Subject,Chemistry,3Room,301,4TeacherId,1000317,4Subject,History,4Room,205,5TeacherId,1000339,5Subject,Grammar,5Room,304,6TeacherId,1000315,6Subject,Cooking,6Room,205,7TeacherId,1000341,7Subject,German,7Room,109
123456852,First63,Last63,L,student63@school.edu,555-0163,2008-04-08,F,11,Central High School,CHS,Central High School,163 Main St,Anytown,CA,90210,Parent63,555-0263,parent63@email.com,CaseManager4,150,Goal for student 63,Notes for student 63,Plan 1,Speech1,MH2,OT2,2024-04-15,2024-10-15,2024-04-10,None,20/20,Normal,Proficient,Advanced,1TeacherId,1000320,1Subject,Math,1Room,301,2TeacherId,1000336,2Subject,Algebra,2Room,104,3TeacherId,1000324,3Subject,Grammar,3Room,308,4TeacherId,100031,4Subject,English,4Room,302,5TeacherId,1000340,5Subject,Calculus,5Room,101,6TeacherId,1000321,6Subject,Physics,6Room,206,7TeacherId,100033,7Subject,Government,7Room,205
123456853,First64,Last64,M,student64@school.edu,555-0164,2008-05-09,M,8,Central High School,CHS,Central High School,164 Main St,Anytown,CA,90210,Parent64,555-0264,parent64@email.com,CaseManager5,60,Goal for student 64,Notes for student 64,Plan 2,Speech2,MH1,OT1,2024-05-15,2024-11-15,2024-05-10,None,20/20,Normal,Proficient,Advanced,1TeacherId,1000331,1Subject,Psychology,1Room,203,2TeacherId,1000318,2Subject,Algebra,2Room,301,3TeacherId,1000310,3Subject,Grammar,3Room,302,4TeacherId,1000327,4Subject,Chemistry,4Room,303,5TeacherId,1000329,5Subject,History,5Room,104,6TeacherId,100034,6Subject,Music,6Room,203,7TeacherId,1000316,7Subject,Calculus,7Room,108
123456854,First65,Last65,N,student65@school.edu,555-0165,2008-06-10,F,9,Central High School,CHS,Central High School,165 Main St,Anytown,CA,90210,Parent65,555-0265,parent65@email.com,CaseManager1,90,Goal for student 65,Notes for student 65,Plan 3,Speech3,MH2,OT2,2024-06-15,2024-12-15,2024-06-10,None,20/20,Normal,Proficient,Advanced,1TeacherId,1000337,1Subject,History,1Room,207,2TeacherId,1000333,2Subject,German,2Room,306,3TeacherId,1000319,3Subject,Science,3Room,306,4TeacherId,1000315,4Subject,Physical Education,4Room,202,5TeacherId,1000336,5Subject,Math,5Room,106,6TeacherId,1000344,6Subject,Government,6Room,309,7TeacherId,1000311,7Subject,Computer Science,7Room,308
123456855,First66,Last66,O,student66@school.edu,555-0166,2008-07-11,M,10,Central High School,CHS,Central High School,166 Main St,Anytown,CA,90210,Parent66,555-0266,parent66@email.com,CaseManager2,120,Goal for student 66,Notes for student 66,Plan 1,Speech1,MH1,OT1,2024-07-15,2024-13-15,2024-07-10,None,20/20,Normal,Proficient,Advanced,1TeacherId,1000325,1Subject,Grammar,1Room,106,2TeacherId,1000326,2Subject,English,2Room,305,3TeacherId,1000341,3Subject,Government,3Room,201,4TeacherId,1000336,4Subject,Chemistry,4Room,103,5TeacherId,1000323,5Subject,Photography,5Room,105,6TeacherId,1000331,6Subject,Science,6Room,202,7TeacherId,1000335,7Subject,Health,7Room,106
123456856,First67,Last67,P,student67@school.edu,555-0167,2008-08-12,F,11,Central High School,CHS,Central High School,167 Main St,Anytown,CA,90210,Parent67,555-0267,parent67@email.com,CaseManager3,150,Goal for student 67,Notes for student 67,Plan 2,Speech2,MH2,OT2,2024-08-15,2024-14-15,2024-08-10,None,20/20,Normal,Proficient,Advanced,1TeacherId,1000316,1Subject,Grammar,1Room,102,2TeacherId,1000345,2Subject,Economics,2Room,206,3TeacherId,1000332,3Subject,Cooking,3Room,105,4TeacherId,1000335,4Subject,Health,4Room,308,5TeacherId,100035,5Subject,Chemistry,5Room,106,6TeacherId,1000345,6Subject,Music,6Room,208,7TeacherId,1000317,7Subject,Art,7Room,109
123456857,First68,Last68,Q,student68@school.edu,555-0168,2008-09-13,M,8,Central High School,CHS,Central High School,168 Main St,Anytown,CA,90210,Parent68,555-0268,parent68@email.com,CaseManager4,60,Goal for student 68,Notes for student 68,Plan 3,Speech3,MH1,OT1,2024-09-15,2024-15-15,2024-09-10,None,20/20,Normal,Proficient,Advanced,1TeacherId,1000329,1Subject,Physics,1Room,106,2TeacherId,100039,2Subject,Drama,2Room,104,3TeacherId,1000322,3Subject,Health,3Room,304,4TeacherId,100032,4Subject,Health,4Room,207,5TeacherId,1000322,5Subject,Health,5Room,205,6TeacherId,1000335,6Subject,Art,6Room,208,7TeacherId,100036,7Subject,French,7Room,305
123456858,First69,Last69,R,student69@school.edu,555-0169,2008-10-14,F,9,Central High School,CHS,Central High School,169 Main St,Anytown,CA,90210,Parent69,555-0269,parent69@email.com,CaseManager5,90,Goal for student 69,Notes for student 69,Plan 1,Speech1,MH2,OT2,2024-10-15,2024-16-15,2024-10-10,None,20/20,Normal,Proficient,Advanced,1TeacherId,1000334,1Subject,French,1Room,101,2TeacherId,100038,2Subject,Literature,2Room,101,3TeacherId,100039,3Subject,Drama,3Room,110,4TeacherId,100037,4Subject,Algebra,4Room,301,5TeacherId,1000311,5Subject,Science,5Room,208,6TeacherId,1000322,6Subject,Computer Science,6Room,204,7TeacherId,1000333,7Subject,Writing,7Room,204
123456859,First70,Last70,S,student70@school.edu,555-0170,2008-11-15,M,10,Central High School,CHS,Central High School,170 Main St,Anytown,CA,90210,Parent70,555-0270,parent70@email.com,CaseManager1,120,Goal for student 70,Notes for student 70,Plan 2,Speech2,MH1,OT1,2024-11-15,2024-17-15,2024-11-10,None,20/20,Normal,Proficient,Advanced,1TeacherId,1000333,1Subject,Calculus,1Room,108,2TeacherId,1000325,2Subject,Economics,2Room,306,3TeacherId,100000,3Subject,Psychology,3Room,309,4TeacherId,1000336,4Subject,Literature,4Room,206,5TeacherId,100039,5Subject,English,5Room,201,6TeacherId,1000315,6Subject,Calculus,6Room,310,7TeacherId,1000341,7Subject,Algebra,7Room,207
123456860,First71,Last71,T,student71@school.edu,555-0171,2008-12-16,F,11,Central High School,CHS,Central High School,171 Main St,Anytown,CA,90210,Parent71,555-0271,parent71@email.com,CaseManager2,150,Goal for student 71,Notes for student 71,Plan 3,Speech3,MH2,OT2,2024-12-15,2024-18-15,2024-12-10,None,20/20,Normal,Proficient,Advanced,1TeacherId,100034,1Subject,Cooking,1Room,205,2TeacherId,1000313,2Subject,Calculus,2Room,310,3TeacherId,1000336,3Subject,Grammar,3Room,201,4TeacherId,1000337,4Subject,Physical Education,4Room,303,5TeacherId,1000335,5Subject,Government,5Room,210,6TeacherId,100034,6Subject,Algebra,6Room,101,7TeacherId,100031,7Subject,Sociology,7Room,304
123456861,First72,Last72,U,student72@school.edu,555-0172,2008-01-17,M,8,Central High School,CHS,Central High School,172 Main St,Anytown,CA,90210,Parent72,555-0272,parent72@email.com,CaseManager3,60,Goal for student 72,Notes for student 72,Plan 1,Speech1,MH1,OT1,2024-01-15,2024-07-15,2024-01-10,None,20/20,Normal,Proficient,Advanced,1TeacherId,1000335,1Subject,Writing,1Room,208,2TeacherId,100034,2Subject,Algebra,2Room,109,3TeacherId,100032,3Subject,Calculus,3Room,103,4TeacherId,1000324,4Subject,Photography,4Room,108,5TeacherId,100031,5Subject,Math,5Room,107,6TeacherId,1000332,6Subject,Sociology,6Room,210,7TeacherId,1000323,7Subject,Spanish,7Room,206
123456862,First73,Last73,V,student73@school.edu,555-0173,2008-02-18,F,9,Central High School,CHS,Central High School,173 Main St,Anytown,CA,90210,Parent73,555-0273,parent73@email.com,CaseManager4,90,Goal for student 73,Notes for student 73,Plan 2,Speech2,MH2,OT2,2024-02-15,2024-08-15,2024-02-10,None,20/20,Normal,Proficient,Advanced,1TeacherId,100031,1Subject,Computer Science,1Room,209,2TeacherId,1000325,2Subject,Geometry,2Room,304,3TeacherId,1000334,3Subject,Sociology,3Room,108,4TeacherId,1000322,4Subject,Math,4Room,201,5TeacherId,1000336,5Subject,Economics,5Room,107,6TeacherId,1000317,6Subject,Sociology,6Room,102,7TeacherId,100000,7Subject,Science,7Room,108
123456863,First74,Last74,W,student74@school.edu,555-0174,2008-03-19,M,10,Central High School,CHS,Central High School,174 Main St,Anytown,CA,90210,Parent74,555-0274,parent74@email.com,CaseManager5,120,Goal for student 74,Notes for student 74,Plan 3,Speech3,MH1,OT1,2024-03-15,2024-09-15,2024-03-10,None,20/20,Normal,Proficient,Advanced,1TeacherId,1000312,1Subject,Physical Education,1Room,208,2TeacherId,100033,2Subject,Health,2Room,306,3TeacherId,100032,3Subject,Economics,3Room,206,4TeacherId,100033,4Subject,Health,4Room,306,5TeacherId,100037,5Subject,Biology,5Room,107,6TeacherId,1000317,6Subject,Art,6Room,108,7TeacherId,100034,7Subject,Drama,7Room,302
123456864,First75,Last75,X,student75@school.edu,555-0175,2008-04-20,F,11,Central High School,CHS,Central High School,175 Main St,Anytown,CA,90210,Parent75,555-0275,parent75@email.com,CaseManager1,150,Goal for student 75,Notes for student 75,Plan 1,Speech1,MH2,OT2,2024-04-15,2024-10-15,2024-04-10,None,20/20,Normal,Proficient,Advanced,1TeacherId,1000345,1Subject,German,1Room,108,2TeacherId,1000340,2Subject,Health,2Room,302,3TeacherId,1000328,3Subject,Literature,3Room,208,4TeacherId,1000311,4Subject,Cooking,4Room,204,5TeacherId,1000330,5Subject,Physics,5Room,109,6TeacherId,1000330,6Subject,Biology,6Room,104,7TeacherId,1000313,7Subject,Science,7Room,201
123456865,First76,Last76,Y,student76@school.edu,555-0176,2008-05-21,M,8,Central High School,CHS,Central High School,176 Main St,Anytown,CA,90210,Parent76,555-0276,parent76@email.com,CaseManager2,60,Goal for student 76,Notes for student 76,Plan 2,Speech2,MH1,OT1,2024-05-15,2024-11-15,2024-05-10,None,20/20,Normal,Proficient,Advanced,1TeacherId,100031,1Subject,Computer Science,1Room,310,2TeacherId,1000314,2Subject,Grammar,2Room,107,3TeacherId,100031,3Subject,Music,3Room,301,4TeacherId,1000322,4Subject,Photography,4Room,102,5TeacherId,1000331,5Subject,Geography,5Room,310,6TeacherId,100039,6Subject,French,6Room,110,7TeacherId,1000319,7Subject,Psychology,7Room,103
123456866,First77,Last77,Z,student77@school.edu,555-0177,2008-06-22,F,9,Central High School,CHS,Central High School,177 Main St,Anytown,CA,90210,Parent77,555-0277,parent77@email.com,CaseManager3,90,Goal for student 77,Notes for student 77,Plan 3,Speech3,MH2,OT2,2024-06-15,2024-12-15,2024-06-10,None,20/20,Normal,Proficient,Advanced,1TeacherId,1000316,1Subject,Spanish,1Room,102,2TeacherId,1000318,2Subject,Health,2Room,210,3TeacherId,100039,3Subject,Music,3Room,107,4TeacherId,100032,4Subject,German,4Room,305,5TeacherId,1000314,5Subject,Chemistry,5Room,103,6TeacherId,1000325,6Subject,Grammar,6Room,209,7TeacherId,1000321,7Subject,Sociology,7Room,204
123456867,First78,Last78,A,student78@school.edu,555-0178,2008-07-23,M,10,Central High School,CHS,Central High School,178 Main St,Anytown,CA,90210,Parent78,555-0278,parent78@email.com,CaseManager4,120,Goal for student 78,Notes for student 78,Plan 1,Speech1,MH1,OT1,2024-07-15,2024-13-15,2024-07-10,None,20/20,Normal,Proficient,Advanced,1TeacherId,1000313,1Subject,English,1Room,106,2TeacherId,1000326,2Subject,Calculus,2Room,304,3TeacherId,1000326,3Subject,Drama,3Room,301,4TeacherId,1000335,4Subject,Writing,4Room,204,5TeacherId,1000317,5Subject,Computer Science,5Room,101,6TeacherId,1000319,6Subject,Writing,6Room,308,7TeacherId,1000319,7Subject,Geometry,7Room,307
123456868,First79,Last79,B,student79@school.edu,555-0179,2008-08-24,F,11,Central High School,CHS,Central High School,179 Main St,Anytown,CA,90210,Parent79,555-0279,parent79@email.com,CaseManager5,150,Goal for student 79,Notes for student 79,Plan 2,Speech2,MH2,OT2,2024-08-15,2024-14-15,2024-08-10,None,20/20,Normal,Proficient,Advanced,1TeacherId,1000334,1Subject,Literature,1Room,208,2TeacherId,1000320,2Subject,Health,2Room,102,3TeacherId,1000328,3Subject,Physics,3Room,208,4TeacherId,1000325,4Subject,Algebra,4Room,207,5TeacherId,1000336,5Subject,Literature,5Room,209,6TeacherId,1000343,6Subject,Spanish,6Room,301,7TeacherId,100035,7Subject,Government,7Room,201
123456869,First80,Last80,C,student80@school.edu,555-0180,2008-09-25,M,8,Central High School,CHS,Central High School,180 Main St,Anytown,CA,90210,Parent80,555-0280,parent80@email.com,CaseManager1,60,Goal for student 80,Notes for student 80,Plan 3,Speech3,MH1,OT1,2024-09-15,2024-15-15,2024-09-10,None,20/20,Normal,Proficient,Advanced,1TeacherId,1000321,1Subject,Literature,1Room,303,2TeacherId,1000343,2Subject,Music,2Room,304,3TeacherId,1000312,3Subject,German,3Room,207,4TeacherId,1000342,4Subject,French,4Room,102,5TeacherId,1000315,5Subject,Writing,5Room,109,6TeacherId,100039,6Subject,Science,6Room,301,7TeacherId,1000318,7Subject,Physics,7Room,302
123456870,First81,Last81,D,student81@school.edu,555-0181,2008-10-26,F,9,Central High School,CHS,Central High School,181 Main St,Anytown,CA,90210,Parent81,555-0281,parent81@email.com,CaseManager2,90,Goal for student 81,Notes for student 81,Plan 1,Speech1,MH2,OT2,2024-10-15,2024-16-15,2024-10-10,None,20/20,Normal,Proficient,Advanced,1TeacherId,1000335,1Subject,Art,1Room,205,2TeacherId,1000327,2Subject,Psychology,2Room,309,3TeacherId,1000341,3Subject,Spanish,3Room,201,4TeacherId,1000317,4Subject,Economics,4Room,210,5TeacherId,1000339,5Subject,Music,5Room,203,6TeacherId,1000337,6Subject,Spanish,6Room,103,7TeacherId,1000335,7Subject,Chemistry,7Room,101
123456871,First82,Last82,E,student82@school.edu,555-0182,2008-11-27,M,10,Central High School,CHS,Central High School,182 Main St,Anytown,CA,90210,Parent82,555-0282,parent82@email.com,CaseManager3,120,Goal for student 82,Notes for student 82,Plan 2,Speech2,MH1,OT1,2024-11-15,2024-17-15,2024-11-10,None,20/20,Normal,Proficient,Advanced,1TeacherId,1000337,1Subject,Grammar,1Room,309,2TeacherId,1000322,2Subject,Algebra,2Room,104,3TeacherId,1000334,3Subject,English,3Room,207,4TeacherId,1000312,4Subject,Music,4Room,308,5TeacherId,1000314,5Subject,French,5Room,303,6TeacherId,1000334,6Subject,Math,6Room,203,7TeacherId,100039,7Subject,Physics,7Room,101
123456872,First83,Last83,F,student83@school.edu,555-0183,2008-12-28,F,11,Central High School,CHS,Central High School,183 Main St,Anytown,CA,90210,Parent83,555-0283,parent83@email.com,CaseManager4,150,Goal for student 83,Notes for student 83,Plan 3,Speech3,MH2,OT2,2024-12-15,2024-18-15,2024-12-10,None,20/20,Normal,Proficient,Advanced,1TeacherId,1000322,1Subject,Computer Science,1Room,102,2TeacherId,100036,2Subject,Calculus,2Room,205,3TeacherId,1000328,3Subject,English,3Room,306,4TeacherId,100038,4Subject,Government,4Room,307,5TeacherId,1000317,5Subject,Physical Education,5Room,105,6TeacherId,1000311,6Subject,Art,6Room,201,7TeacherId,1000321,7Subject,Physical Education,7Room,303
123456873,First84,Last84,G,student84@school.edu,555-0184,2008-01-01,M,8,Central High School,CHS,Central High School,184 Main St,Anytown,CA,90210,Parent84,555-0284,parent84@email.com,CaseManager5,60,Goal for student 84,Notes for student 84,Plan 1,Speech1,MH1,OT1,2024-01-15,2024-07-15,2024-01-10,None,20/20,Normal,Proficient,Advanced,1TeacherId,1000322,1Subject,Chemistry,1Room,304,2TeacherId,1000310,2Subject,Health,2Room,207,3TeacherId,1000313,3Subject,Math,3Room,202,4TeacherId,1000341,4Subject,Geography,4Room,309,5TeacherId,1000344,5Subject,Music,5Room,101,6TeacherId,100034,6Subject,Drama,6Room,309,7TeacherId,1000336,7Subject,Health,7Room,107
123456874,First85,Last85,H,student85@school.edu,555-0185,2008-02-02,F,9,Central High School,CHS,Central High School,185 Main St,Anytown,CA,90210,Parent85,555-0285,parent85@email.com,CaseManager1,90,Goal for student 85,Notes for student 85,Plan 2,Speech2,MH2,OT2,2024-02-15,2024-08-15,2024-02-10,None,20/20,Normal,Proficient,Advanced,1TeacherId,1000321,1Subject,Economics,1Room,209,2TeacherId,1000320,2Subject,Science,2Room,306,3TeacherId,1000341,3Subject,Physical Education,3Room,104,4TeacherId,1000313,4Subject,Photography,4Room,102,5TeacherId,1000333,5Subject,Chemistry,5Room,107,6TeacherId,1000326,6Subject,Math,6Room,104,7TeacherId,1000329,7Subject,Math,7Room,303
123456875,First86,Last86,I,student86@school.edu,555-0186,2008-03-03,M,10,Central High School,CHS,Central High School,186 Main St,Anytown,CA,90210,Parent86,555-0286,parent86@email.com,CaseManager2,120,Goal for student 86,Notes for student 86,Plan 3,Speech3,MH1,OT1,2024-03-15,2024-09-15,2024-03-10,None,20/20,Normal,Proficient,Advanced,1TeacherId,100035,1Subject,History,1Room,309,2TeacherId,1000336,2Subject,Health,2Room,306,3TeacherId,1000338,3Subject,Literature,3Room,207,4TeacherId,100036,4Subject,Economics,4Room,110,5TeacherId,1000322,5Subject,Literature,5Room,309,6TeacherId,1000335,6Subject,Spanish,6Room,304,7TeacherId,1000331,7Subject,Economics,7Room,203
123456876,First87,Last87,J,student87@school.edu,555-0187,2008-04-04,F,11,Central High School,CHS,Central High School,187 Main St,Anytown,CA,90210,Parent87,555-0287,parent87@email.com,CaseManager3,150,Goal for student 87,Notes for student 87,Plan 1,Speech1,MH2,OT2,2024-04-15,2024-10-15,2024-04-10,None,20/20,Normal,Proficient,Advanced,1TeacherId,1000326,1Subject,Art,1Room,204,2TeacherId,1000321,2Subject,Computer Science,2Room,205,3TeacherId,1000330,3Subject,Grammar,3Room,303,4TeacherId,100036,4Subject,Algebra,4Room,103,5TeacherId,1000322,5Subject,Science,5Room,110,6TeacherId,1000329,6Subject,Music,6Room,204,7TeacherId,1000321,7Subject,French,7Room,105
123456877,First88,Last88,K,student88@school.edu,555-0188,2008-05-05,M,8,Central High School,CHS,Central High School,188 Main St,Anytown,CA,90210,Parent88,555-0288,parent88@email.com,CaseManager4,60,Goal for student 88,Notes for student 88,Plan 2,Speech2,MH1,OT1,2024-05-15,2024-11-15,2024-05-10,None,20/20,Normal,Proficient,Advanced,1TeacherId,100037,1Subject,Sociology,1Room,106,2TeacherId,1000314,2Subject,French,2Room,309,3TeacherId,1000334,3Subject,Literature,3Room,205,4TeacherId,1000333,4Subject,Math,4Room,105,5TeacherId,100033,5Subject,Math,5Room,201,6TeacherId,1000320,6Subject,Computer Science,6Room,102,7TeacherId,1000342,7Subject,Math,7Room,109
123456878,First89,Last89,L,student89@school.edu,555-0189,2008-06-06,F,9,Central High School,CHS,Central High School,189 Main St,Anytown,CA,90210,Parent89,555-0289,parent89@email.com,CaseManager5,90,Goal for student 89,Notes for student 89,Plan 3,Speech3,MH2,OT2,2024-06-15,2024-12-15,2024-06-10,None,20/20,Normal,Proficient,Advanced,1TeacherId,1000336,1Subject,Writing,1Room,209,2TeacherId,1000314,2Subject,Physics,2Room,103,3TeacherId,1000338,3Subject,Sociology,3Room,201,4TeacherId,1000345,4Subject,Geography,4Room,202,5TeacherId,1000316,5Subject,Literature,5Room,201,6TeacherId,1000323,6Subject,Writing,6Room,210,7TeacherId,1000344,7Subject,Physical Education,7Room,209
123456879,First90,Last90,M,student90@school.edu,555-0190,2008-07-07,M,10,Central High School,CHS,Central High School,190 Main St,Anytown,CA,90210,Parent90,555-0290,parent90@email.com,CaseManager1,120,Goal for student 90,Notes for student 90,Plan 1,Speech1,MH1,OT1,2024-07-15,2024-13-15,2024-07-10,None,20/20,Normal,Proficient,Advanced,1TeacherId,1000338,1Subject,Psychology,1Room,110,2TeacherId,100037,2Subject,Chemistry,2Room,303,3TeacherId,100033,3Subject,Cooking,3Room,101,4TeacherId,1000345,4Subject,Grammar,4Room,109,5TeacherId,1000314,5Subject,Literature,5Room,301,6TeacherId,1000336,6Subject,Photography,6Room,309,7TeacherId,100000,7Subject,Geometry,7Room,107
123456880,First91,Last91,N,student91@school.edu,555-0191,2008-08-08,F,11,Central High School,CHS,Central High School,191 Main St,Anytown,CA,90210,Parent91,555-0291,parent91@email.com,CaseManager2,150,Goal for student 91,Notes for student 91,Plan 2,Speech2,MH2,OT2,2024-08-15,2024-14-15,2024-08-10,None,20/20,Normal,Proficient,Advanced,1TeacherId,1000328,1Subject,Government,1Room,102,2TeacherId,1000323,2Subject,Spanish,2Room,201,3TeacherId,1000337,3Subject,Music,3Room,206,4TeacherId,1000319,4Subject,Grammar,4Room,208,5TeacherId,100033,5Subject,Sociology,5Room,106,6TeacherId,1000321,6Subject,Computer Science,6Room,102,7TeacherId,1000332,7Subject,Sociology,7Room,106
123456881,First92,Last92,O,student92@school.edu,555-0192,2008-09-09,M,8,Central High School,CHS,Central High School,192 Main St,Anytown,CA,90210,Parent92,555-0292,parent92@email.com,CaseManager3,60,Goal for student 92,Notes for student 92,Plan 3,Speech3,MH1,OT1,2024-09-15,2024-15-15,2024-09-10,None,20/20,Normal,Proficient,Advanced,1TeacherId,1000334,1Subject,Math,1Room,102,2TeacherId,1000319,2Subject,Sociology,2Room,309,3TeacherId,1000322,3Subject,Grammar,3Room,205,4TeacherId,1000319,4Subject,Biology,4Room,308,5TeacherId,1000336,5Subject,Grammar,5Room,109,6TeacherId,100031,6Subject,Grammar,6Room,201,7TeacherId,1000345,7Subject,French,7Room,305
123456882,First93,Last93,P,student93@school.edu,555-0193,2008-10-10,F,9,Central High School,CHS,Central High School,193 Main St,Anytown,CA,90210,Parent93,555-0293,parent93@email.com,CaseManager4,90,Goal for student 93,Notes for student 93,Plan 1,Speech1,MH2,OT2,2024-10-15,2024-16-15,2024-10-10,None,20/20,Normal,Proficient,Advanced,1TeacherId,1000318,1Subject,Psychology,1Room,108,2TeacherId,1000327,2Subject,Math,2Room,106,3TeacherId,1000314,3Subject,Government,3Room,207,4TeacherId,100033,4Subject,Photography,4Room,106,5TeacherId,100039,5Subject,Drama,5Room,304,6TeacherId,1000319,6Subject,Chemistry,6Room,305,7TeacherId,1000311,7Subject,Literature,7Room,201
123456883,First94,Last94,Q,student94@school.edu,555-0194,2008-11-11,M,10,Central High School,CHS,Central High School,194 Main St,Anytown,CA,90210,Parent94,555-0294,parent94@email.com,CaseManager5,120,Goal for student 94,Notes for student 94,Plan 2,Speech2,MH1,OT1,2024-11-15,2024-17-15,2024-11-10,None,20/20,Normal,Proficient,Advanced,1TeacherId,1000319,1Subject,Drama,1Room,310,2TeacherId,1000313,2Subject,Health,2Room,202,3TeacherId,1000314,3Subject,Economics,3Room,309,4TeacherId,1000313,4Subject,Writing,4Room,106,5TeacherId,100037,5Subject,Music,5Room,103,6TeacherId,1000325,6Subject,Writing,6Room,308,7TeacherId,1000342,7Subject,Literature,7Room,207
123456884,First95,Last95,R,student95@school.edu,555-0195,2008-12-12,F,11,Central High School,CHS,Central High School,195 Main St,Anytown,CA,90210,Parent95,555-0295,parent95@email.com,CaseManager1,150,Goal for student 95,Notes for student 95,Plan 3,Speech3,MH2,OT2,2024-12-15,2024-18-15,2024-12-10,None,20/20,Normal,Proficient,Advanced,1TeacherId,1000339,1Subject,Algebra,1Room,105,2TeacherId,1000323,2Subject,Drama,2Room,302,3TeacherId,1000333,3Subject,Science,3Room,107,4TeacherId,1000332,4Subject,Physical Education,4Room,102,5TeacherId,1000332,5Subject,Geography,5Room,101,6TeacherId,1000336,6Subject,French,6Room,205,7TeacherId,1000320,7Subject,Economics,7Room,304
123456885,First96,Last96,S,student96@school.edu,555-0196,2008-01-13,M,8,Central High School,CHS,Central High School,196 Main St,Anytown,CA,90210,Parent96,555-0296,parent96@email.com,CaseManager2,60,Goal for student 96,Notes for student 96,Plan 1,Speech1,MH1,OT1,2024-01-15,2024-07-15,2024-01-10,None,20/20,Normal,Proficient,Advanced,1TeacherId,1000324,1Subject,Writing,1Room,204,2TeacherId,1000345,2Subject,Computer Science,2Room,203,3TeacherId,100037,3Subject,Geometry,3Room,107,4TeacherId,1000310,4Subject,Grammar,4Room,303,5TeacherId,1000323,5Subject,Art,5Room,310,6TeacherId,1000323,6Subject,Calculus,6Room,305,7TeacherId,1000329,7Subject,Grammar,7Room,302
123456886,First97,Last97,T,student97@school.edu,555-0197,2008-02-14,F,9,Central High School,CHS,Central High School,197 Main St,Anytown,CA,90210,Parent97,555-0297,parent97@email.com,CaseManager3,90,Goal for student 97,Notes for student 97,Plan 2,Speech2,MH2,OT2,2024-02-15,2024-08-15,2024-02-10,None,20/20,Normal,Proficient,Advanced,1TeacherId,1000310,1Subject,Geometry,1Room,109,2TeacherId,100032,2Subject,History,2Room,204,3TeacherId,1000323,3Subject,Science,3Room,307,4TeacherId,1000340,4Subject,Spanish,4Room,108,5TeacherId,1000337,5Subject,Computer Science,5Room,205,6TeacherId,1000320,6Subject,Writing,6Room,206,7TeacherId,100034,7Subject,Geography,7Room,209
123456887,First98,Last98,U,student98@school.edu,555-0198,2008-03-15,M,10,Central High School,CHS,Central High School,198 Main St,Anytown,CA,90210,Parent98,555-0298,parent98@email.com,CaseManager4,120,Goal for student 98,Notes for student 98,Plan 3,Speech3,MH1,OT1,2024-03-15,2024-09-15,2024-03-10,None,20/20,Normal,Proficient,Advanced,1TeacherId,1000340,1Subject,Science,1Room,101,2TeacherId,1000326,2Subject,Government,2Room,104,3TeacherId,1000328,3Subject,Geometry,3Room,110,4TeacherId,1000314,4Subject,Geography,4Room,207,5TeacherId,1000340,5Subject,Geometry,5Room,301,6TeacherId,100000,6Subject,Algebra,6Room,101,7TeacherId,100037,7Subject,Chemistry,7Room,301
123456888,First99,Last99,V,student99@school.edu,555-0199,2008-04-16,F,11,Central High School,CHS,Central High School,199 Main St,Anytown,CA,90210,Parent99,555-0299,parent99@email.com,CaseManager5,150,Goal for student 99,Notes for student 99,Plan 1,Speech1,MH2,OT2,2024-04-15,2024-10-15,2024-04-10,None,20/20,Normal,Proficient,Advanced,1TeacherId,1000333,1Subject,Drama,1Room,303,2TeacherId,1000331,2Subject,Economics,2Room,308,3TeacherId,100031,3Subject,Chemistry,3Room,307,4TeacherId,1000327,4Subject,Cooking,4Room,210,5TeacherId,100035,5Subject,Literature,5Room,305,6TeacherId,1000314,6Subject,Geography,6Room,207,7TeacherId,100031,7Subject,Psychology,7Room,105
123456889,First100,Last100,W,student100@school.edu,555-01100,2008-05-17,M,8,Central High School,CHS,Central High School,200 Main St,Anytown,CA,90210,Parent100,555-02100,parent100@email.com,CaseManager1,60,Goal for student 100,Notes for student 100,Plan 2,Speech2,MH1,OT1,2024-05-15,2024-11-15,2024-05-10,None,20/20,Normal,Proficient,Advanced,1TeacherId,1000329,1Subject,Art,1Room,109,2TeacherId,100000,2Subject,Health,2Room,105,3TeacherId,1000330,3Subject,Computer Science,3Room,310,4TeacherId,100000,4Subject,Algebra,4Room,207,5TeacherId,1000328,5Subject,Geography,5Room,209,6TeacherId,100033,6Subject,German,6Room,206,7TeacherId,1000312,7Subject,Psychology,7Room,102